date,module,actual_avg_balances,required_reserves,required_reserves_accounts,spread,ruonia,MAD_score_spread,MAD_score_RUONIA,Flag_EndOfPeriod,M1_signal
2004-09-01,M1_reserves,195.45666666666665,8.7,116.0,186.75666666666666,,,,1,0.0
2004-10-01,M1_reserves,231.54032258064515,9.1,117.3,222.44032258064516,,,,1,0.0
2004-11-01,M1_reserves,282.4883333333334,11.5,118.9,270.9883333333334,,,,1,0.0
2004-12-01,M1_reserves,368.2596774193548,12.0,121.7,356.2596774193548,,,,1,0.0
2005-01-01,M1_reserves,356.6758064516129,12.7,171.6,343.9758064516129,,,,1,0.0
2005-02-01,M1_reserves,265.6303571428571,13.2,129.1,252.43035714285713,,,,1,0.0
2005-03-01,M1_reserves,286.12580645161296,13.4,133.2,272.725806451613,,,,1,0.0
2005-04-01,M1_reserves,258.43000000000006,12.9,134.4,245.53000000000006,,,,1,0.0
2005-05-01,M1_reserves,239.0129032258064,14.4,135.1,224.6129032258064,,,,1,0.0
2005-06-01,M1_reserves,242.8233333333333,15.1,137.2,227.7233333333333,,,,1,0.0
2005-07-01,M1_reserves,246.86612903225807,15.8,142.0,231.06612903225806,,,,1,0.0
2005-08-01,M1_reserves,267.33225806451617,16.3,144.7,251.03225806451616,,0.11864597377875487,,1,0.07118758426725291
2005-09-01,M1_reserves,297.8116666666666,16.8,150.0,281.0116666666666,,1.286177245321135,,1,0.771706347192681
2005-10-01,M1_reserves,317.6854838709677,16.9,154.6,300.7854838709677,,1.9189380341130766,,1,1.1513628204678459
2005-11-01,M1_reserves,274.835,16.5,159.8,258.335,,0.23898640737403506,,1,0.14339184442442104
2005-12-01,M1_reserves,366.5193548387097,17.9,161.3,348.61935483870974,,3.49932791795382,,1,2.099596750772292
2006-01-01,M1_reserves,399.04193548387104,19.2,171.6,379.84193548387105,,3.969301534835445,,1,2.381580920901267
2006-02-01,M1_reserves,326.2678571428572,19.2,168.3,307.06785714285724,,1.1608251376161467,,1,0.696495082569688
2006-03-01,M1_reserves,325.8451612903226,19.5,172.1,306.3451612903226,,0.9799693627790105,,1,0.5879816176674063
2006-04-01,M1_reserves,323.41666666666663,20.2,176.1,303.21666666666664,,0.8998594348257357,,1,0.5399156608954414
2006-05-01,M1_reserves,353.9483870967741,20.7,183.1,333.24838709677414,,1.7623461449432842,,1,1.0574076869659705
2006-06-01,M1_reserves,365.7316666666666,21.6,190.2,344.1316666666666,,1.743887947623026,,1,1.0463327685738155
2006-07-01,M1_reserves,388.3499999999999,22.5,193.9,365.8499999999999,,1.6986168805376196,,1,1.0191701283225718
2006-08-01,M1_reserves,357.31935483870967,23.7,204.2,333.6193548387097,,0.9699419333496926,,1,0.5819651600098156
2006-09-01,M1_reserves,356.32666666666665,23.9,205.8,332.4266666666667,,0.7299646878903169,,1,0.4379788127341901
2006-10-01,M1_reserves,359.7225806451612,38.0,207.2,321.7225806451612,,0.4597266104280044,,1,0.2758359662568026
2006-11-01,M1_reserves,337.5816666666668,40.3,212.7,297.2816666666668,,-0.08112505290412114,,1,0.0
2006-12-01,M1_reserves,492.6870967741936,43.2,221.1,449.4870967741936,,3.438036167031582,,1,2.062821700218949
2007-01-01,M1_reserves,506.716129032258,46.5,229.4,460.216129032258,,3.4980755846616964,,1,2.098845350797018
2007-02-01,M1_reserves,405.04642857142863,71.2,210.5,333.84642857142865,,0.6987810159748222,,1,0.4192686095848933
2007-03-01,M1_reserves,595.0354838709678,73.4,209.6,521.6354838709678,,5.092712705074397,,1,3.055627623044638
2007-04-01,M1_reserves,426.55,76.8,219.1,349.75,,1.0133085442372802,,1,0.6079851265423681
2007-05-01,M1_reserves,430.23225806451615,81.7,229.9,348.53225806451616,,0.9979038836378147,,1,0.5987423301826887
2007-06-01,M1_reserves,470.68,90.0,244.8,380.68,,1.587015670124708,,1,0.9522094020748247
2007-07-01,M1_reserves,480.4548387096775,112.9,317.7,367.5548387096775,,1.038634453013637,,1,0.6231806718081823
2007-08-01,M1_reserves,445.3854838709677,118.9,311.0,326.48548387096764,,0.05614093345154244,,1,0.03368456007092546
2007-09-01,M1_reserves,466.82166666666666,118.6,318.8,348.2216666666667,,0.547354456075923,,1,0.3284126736455538
2007-10-01,M1_reserves,491.0822580645161,96.8,260.5,394.2822580645161,,1.814407981114072,,1,1.0886447886684432
2007-11-01,M1_reserves,510.56666666666655,122.5,222.8,388.06666666666655,,1.6364631897641493,,1,0.9818779138584895
2007-12-01,M1_reserves,704.7806451612904,124.1,220.7,580.6806451612904,,7.036732995124261,,1,4.222039797074556
2008-01-01,M1_reserves,673.1822580645161,130.8,234.0,542.382258064516,,5.061717702479975,,1,3.037030621487985
2008-02-01,M1_reserves,521.343103448276,178.5,316.5,342.843103448276,,0.2592799350975912,,1,0.1555679610585547
2008-03-01,M1_reserves,556.333870967742,225.9,339.3,330.433870967742,,-0.09881840989167533,,1,0.0
2008-04-01,M1_reserves,550.2016666666669,227.9,345.7,322.30166666666696,,-0.35138123568712804,,1,0.0
2008-05-01,M1_reserves,580.0983870967742,239.2,350.4,340.89838709677423,,0.11498046434743447,,1,0.06898827860846068
2008-06-01,M1_reserves,607.4316666666667,243.2,360.3,364.23166666666674,,0.7393631097111164,,1,0.44361786582666984
2008-07-01,M1_reserves,606.109677419355,312.6,388.0,293.50967741935494,,-1.599057073123925,,1,0.0
2008-08-01,M1_reserves,618.6161290322582,319.6,397.7,299.01612903225816,,-1.4169864367566527,,1,0.0
2008-09-01,M1_reserves,731.9016666666668,150.4,151.8,581.5016666666668,,7.878397455984786,,1,4.727038473590871
2008-10-01,M1_reserves,581.0548387096775,42.1,34.1,538.9548387096775,,6.63387171375181,,1,3.9803230282510857
2008-11-01,M1_reserves,590.0933333333335,37.6,30.0,552.4933333333335,,7.024041183326839,,1,4.214424709996103
2008-12-01,M1_reserves,644.1112903225807,37.5,29.8,606.6112903225807,,8.099180918736854,,1,4.859508551242112
2009-01-01,M1_reserves,681.2741935483872,37.0,29.4,644.2741935483872,,8.220196181664098,,1,4.932117708998459
2009-02-01,M1_reserves,413.475,39.1,31.1,374.375,,0.8560032390790502,,1,0.51360194344743
2009-03-01,M1_reserves,397.4209677419355,41.8,33.3,355.6209677419355,,0.10056758058530019,,1,0.06034054835118011
2009-04-01,M1_reserves,388.2766666666668,40.9,32.5,347.37666666666684,,-0.1959171364003355,,1,0.0
2009-05-01,M1_reserves,400.1758064516129,39.8,31.5,360.3758064516129,,0.08250230883326977,,1,0.04950138529996186
2009-06-01,M1_reserves,419.2733333333334,78.8,61.8,340.4733333333334,,-0.6081625418621781,,1,0.0
2009-07-01,M1_reserves,406.241935483871,121.7,93.2,284.541935483871,,-2.3345492923892,,1,0.0
2009-08-01,M1_reserves,465.2096774193549,163.2,125.3,302.0096774193549,,-1.6521113466643453,,1,0.0
2009-09-01,M1_reserves,501.8866666666668,199.9,153.9,301.9866666666668,,-1.5283598055105319,,1,0.0
2009-10-01,M1_reserves,535.8499999999999,199.7,154.0,336.1499999999999,,-0.5028657757460024,,1,0.0
2009-11-01,M1_reserves,561.63,195.4,151.4,366.23,,0.2673418251979647,,1,0.1604050951187788
2009-12-01,M1_reserves,713.198387096774,195.0,151.4,518.198387096774,,5.202888048820942,,1,3.121732829292565
2010-01-01,M1_reserves,528.7338709677418,200.3,156.5,328.4338709677418,3.9739999999999998,-0.8949840181425356,,1,0.0
2010-02-01,M1_reserves,476.2196428571429,203.5,159.1,272.7196428571429,3.6484210526315786,-2.7395725930450876,,1,0.0
2010-03-01,M1_reserves,510.7193548387097,197.1,167.7,313.6193548387097,3.450909090909091,-1.2169506104507453,,1,0.0
2010-04-01,M1_reserves,500.5516666666666,185.6,183.1,314.9516666666666,3.222727272727273,-1.0170741901947353,,1,0.0
2010-05-01,M1_reserves,504.333870967742,205.3,170.4,299.03387096774196,2.6473684210526316,-1.4543640485902696,,1,0.0
2010-06-01,M1_reserves,572.0433333333334,206.8,175.5,365.2433333333334,2.432380952380952,0.5205092130635197,,1,0.31230552783811183
2010-07-01,M1_reserves,494.3,207.8,180.8,286.5,2.5904545454545453,-1.5745332804739869,,1,0.0
2010-08-01,M1_reserves,491.0451612903224,217.3,179.3,273.7451612903224,2.54,-1.6585456774942504,,1,0.0
2010-09-01,M1_reserves,502.83,219.8,182.2,283.03,2.540909090909091,-1.4226321917758198,,1,0.0
2010-10-01,M1_reserves,511.6387096774194,225.7,186.2,285.9387096774194,2.646190476190476,-1.3626968174652674,,1,0.0
2010-11-01,M1_reserves,523.14,227.5,185.7,295.64,2.9819047619047616,-1.1288383259423214,,1,0.0
2010-12-01,M1_reserves,755.3887096774195,233.1,188.4,522.2887096774194,4.562173913043479,4.866937559912742,,1,2.9201625359476453
2011-01-01,M1_reserves,561.3758064516129,246.0,192.0,315.3758064516129,2.6386666666666665,-0.533248843059315,,1,0.0
2011-02-01,M1_reserves,525.2107142857143,250.6,195.2,274.61071428571427,2.741578947368421,-1.5529042816514342,,1,0.0
2011-03-01,M1_reserves,552.2822580645161,304.0,244.1,248.2822580645161,3.0177272727272726,-1.9833747057875561,,1,0.0
2011-04-01,M1_reserves,604.558333333333,362.5,280.8,242.05833333333305,3.1633333333333336,-2.105826970386605,,1,0.0
2011-05-01,M1_reserves,640.7225806451613,418.1,335.4,222.6225806451613,3.6725000000000003,-2.284677604767368,,1,0.0
2011-06-01,M1_reserves,655.4883333333333,430.4,331.3,225.08833333333337,3.651904761904762,-2.2239485171024267,,1,0.0
2011-07-01,M1_reserves,663.7258064516128,437.4,341.6,226.32580645161283,3.820952380952381,-2.1486128348075004,,1,0.0
2011-08-01,M1_reserves,670.7870967741934,446.7,342.6,224.0870967741934,3.863913043478261,-2.1760427617735387,,1,0.0
2011-09-01,M1_reserves,704.5666666666665,455.0,347.0,249.5666666666665,4.36090909090909,-1.3333817419215135,,1,0.0
2011-10-01,M1_reserves,699.9,469.2,356.6,230.7,4.871428571428571,-1.4578912594419922,,1,0.0
2011-11-01,M1_reserves,719.6633333333335,486.2,369.6,233.46333333333354,4.965238095238095,-1.370962794885403,,1,0.0
2011-12-01,M1_reserves,953.2241935483872,501.7,378.4,451.52419354838725,5.332380952380952,3.0879035830933916,,1,1.8527421498560348
2012-01-01,M1_reserves,773.6048387096772,518.1,390.1,255.5048387096772,4.79625,-0.9203306711834929,,1,0.0
2012-02-01,M1_reserves,724.7196428571432,526.7,393.9,198.01964285714314,4.3585,-2.1179640011957592,,1,0.0
2012-03-01,M1_reserves,710.1661290322579,512.9,385.2,197.26612903225794,5.035714285714286,-2.0596856064260525,,1,0.0
2012-04-01,M1_reserves,692.8683333333336,508.1,382.7,184.76833333333354,5.244761904761905,-2.3263991634429457,,1,0.0
2012-05-01,M1_reserves,688.5338709677418,517.3,387.7,171.23387096774184,5.701904761904761,-2.6061104765698637,,1,0.0
2012-06-01,M1_reserves,707.6216666666666,526.4,392.8,181.22166666666658,5.653499999999999,-2.377004928964918,,1,0.0
2012-07-01,M1_reserves,720.2790322580646,543.1,403.2,177.17903225806458,5.531818181818182,-2.291065408048584,,1,0.0
2012-08-01,M1_reserves,712.5387096774191,540.6,407.1,171.93870967741907,5.24695652173913,-2.2650900615137557,,1,0.0
2012-09-01,M1_reserves,729.2166666666668,549.2,411.5,180.01666666666677,5.46,-1.848319896216839,,1,0.0
2012-10-01,M1_reserves,738.0693548387098,554.3,413.9,183.7693548387099,6.022608695652174,-1.3615190480725299,,1,0.0
2012-11-01,M1_reserves,744.7016666666666,563.3,419.5,181.40166666666664,6.0652380952380955,-1.3368967315177631,,1,0.0
2012-12-01,M1_reserves,1054.9790322580643,569.5,425.6,485.4790322580643,6.1925,4.683589120405361,1.9820482604135792,1,3.602972776408648
2013-01-01,M1_reserves,841.8306451612904,593.1,441.0,248.73064516129034,5.370588235294117,0.004593172058549985,1.1099270490227784,1,0.44672672284424136
2013-02-01,M1_reserves,789.8696428571432,601.0,446.7,188.86964285714316,5.611,-1.1446261550537755,1.083799212598425,1,0.43351968503937005
2013-03-01,M1_reserves,798.2435483870968,605.5,449.5,192.74354838709678,5.9615,-0.9289859357603782,1.2812399504708567,1,0.5124959801883427
2013-04-01,M1_reserves,841.4666666666669,640.1,473.6,201.3666666666669,6.1072727272727265,-0.6785943954140704,1.4073690941876345,1,0.5629476376750538
2013-05-01,M1_reserves,858.698387096774,666.0,487.0,192.698387096774,6.295,-0.8094762737722595,1.3652214052923708,1,0.5460885621169483
2013-06-01,M1_reserves,890.6966666666668,676.5,497.7,214.19666666666683,6.24421052631579,-0.295987940105206,1.2323416930503155,1,0.49293667722012624
2013-07-01,M1_reserves,871.4274193548389,686.1,507.5,185.32741935483887,6.002173913043479,-1.0472432729829368,0.9899029165942039,1,0.3959611666376816
2013-08-01,M1_reserves,840.5499999999998,674.9,501.6,165.64999999999986,6.011818181818182,-1.591580679986574,1.0055634152246913,1,0.4022253660898765
2013-09-01,M1_reserves,865.705,679.6,506.1,186.10500000000002,6.1780952380952385,-0.9881079925505388,1.1681216193428716,1,0.4672486477371487
2013-10-01,M1_reserves,862.2161290322582,675.3,507.7,186.91612903225825,5.979565217391304,-0.8015700983221892,0.9447823190008364,1,0.37791292760033457
2013-11-01,M1_reserves,888.1166666666667,683.6,506.4,204.51666666666665,6.1145000000000005,0.0698886957807881,1.1019246818506006,1,0.4827030902087131
2013-12-01,M1_reserves,1242.059677419355,794.1,402.3,447.959677419355,6.42952380952381,10.872374104323717,1.598485747317362,1,7.162818761521175
2014-01-01,M1_reserves,1067.0774193548389,825.8,404.8,241.2774193548389,6.047058823529412,1.701102068032638,0.9336040788684764,1,1.3941028723669733
2014-02-01,M1_reserves,1027.355357142857,846.1,412.3,181.25535714285695,5.9635,-0.8114594160645834,0.7318143255362985,1,0.2927257302145194
2014-03-01,M1_reserves,1050.0274193548385,866.0,439.9,184.02741935483846,7.830499999999999,-0.7149089266639653,4.592735042735035,1,1.8370940170940142
2014-04-01,M1_reserves,1060.5583333333334,883.4,430.1,177.15833333333342,7.821363636363636,-1.0005802518443714,4.929440867654341,1,1.9717763470617364
2014-05-01,M1_reserves,1060.4935483870966,894.6,430.3,165.89354838709653,8.15263157894737,-1.7249824992006086,5.313347019295349,1,2.1253388077181397
2014-06-01,M1_reserves,1078.405,880.7,427.8,197.70499999999993,8.182105263157895,0.35289885416270655,4.945062601046184,1,2.1897643529160975
2014-07-01,M1_reserves,1043.0354838709677,877.4,428.6,165.63548387096773,8.12304347826087,-1.8470743696291,4.793354977765011,1,1.9173419911060046
2014-08-01,M1_reserves,1003.5967741935484,833.6,446.6,169.9967741935484,7.851904761904761,-1.4785083718679963,4.146203698073802,1,1.658481479229521
2014-09-01,M1_reserves,1019.795,861.1,427.1,158.69499999999994,7.944090909090909,-2.133019115876856,4.315657163943465,1,1.726262865577386
2014-10-01,M1_reserves,1052.0467741935486,871.7,432.7,180.34677419354853,8.23,-0.44207031796505664,4.929871202702163,1,1.9719484810808652
2014-11-01,M1_reserves,1094.0883333333334,909.0,451.9,185.08833333333337,10.226111111111111,-0.0097366058721835,9.04413950047845,1,3.61765580019138
2014-12-01,M1_reserves,1518.6951612903222,966.9,470.8,551.7951612903222,15.448636363636364,29.858005824010245,19.37636700276297,1,25.665350295511335
2015-01-01,M1_reserves,1224.9064516129033,1047.1,496.7,177.8064516129034,16.956,-0.7067809180303453,21.11260032203952,1,8.445040128815808
2015-02-01,M1_reserves,1214.5803571428569,1066.7,491.7,147.88035714285684,15.103684210526318,-3.510483278511786,16.669465613310784,1,6.667786245324314
2015-03-01,M1_reserves,1215.8774193548386,1102.8,504.2,113.07741935483864,14.825238095238095,-6.80812466082633,15.096736239097737,1,6.0386944956390955
2015-04-01,M1_reserves,1188.9566666666665,1063.3,483.5,125.65666666666652,14.371818181818183,-5.175716265326609,13.335516445622885,1,5.334206578249154
2015-05-01,M1_reserves,1138.9467741935484,1006.2,457.5,132.7467741935484,12.794444444444444,-4.289871604721092,9.102531695637262,1,3.641012678254905
2015-06-01,M1_reserves,1163.0483333333332,1020.6,463.8,142.44833333333315,12.49904761904762,-2.897130815933342,7.291772311087926,1,2.9167089244351705
2015-07-01,M1_reserves,1201.9177419354835,1048.4,475.4,153.5177419354834,11.491739130434782,-1.8275034519590652,4.869034857854482,1,1.9476139431417927
2015-08-01,M1_reserves,1205.0016129032256,1068.6,486.5,136.40161290322567,10.807619047619047,-2.7467956148246357,3.319994145199062,1,1.3279976580796249
2015-09-01,M1_reserves,1398.0783333333334,1257.2,361.2,140.87833333333333,11.097272727272726,-2.461650623303291,1.8086513335988452,1,0.7234605334395381
2015-10-01,M1_reserves,1465.532258064516,1320.6,365.3,144.9322580645162,11.162272727272727,-1.9989900207468863,1.8106307265574215,1,0.7242522906229687
2015-11-01,M1_reserves,1423.2816666666663,1290.0,356.9,133.2816666666663,11.4455,-2.2272108269282245,1.8601277217606893,1,0.7440510887042757
2015-12-01,M1_reserves,1665.2806451612903,1318.7,363.4,346.58064516129025,11.203636363636363,7.770007241014866,1.5373501458467809,1,5.276944402947632
2016-01-01,M1_reserves,1529.3824483437495,1367.1,382.3,162.2824483437496,11.061333333333332,-0.8610184342207832,1.3616858074200382,1,0.5446743229680153
2016-02-01,M1_reserves,1581.0142857142855,1416.2,386.3,164.81428571428546,10.878,-0.6494799671280672,1.245409144911841,1,0.4981636579647364
2016-03-01,M1_reserves,1566.435714285714,1439.1,391.1,127.33571428571418,10.932857142857143,-2.0929942930702046,1.230961247711674,1,0.49238449908466964
2016-04-01,M1_reserves,1514.8114285714291,1380.1,375.3,134.71142857142922,10.712380952380952,-1.5429666407694447,0.6624784609699338,1,0.26499138438797354
2016-05-01,M1_reserves,1562.607142857142,1451.1,394.1,111.50714285714207,11.062105263157894,-2.5850227759179174,0.24340615936114227,1,0.09736246374445691
2016-06-01,M1_reserves,1569.771428571429,1443.0,391.5,126.77142857142894,10.554285714285713,-1.8517260304044516,-0.03167611778702107,1,0.0
2016-07-01,M1_reserves,1576.6392857142862,1442.6,391.4,134.03928571428628,10.275714285714285,-1.4026150200691936,-0.1450219530043095,1,0.0
2016-08-01,M1_reserves,1628.0885714285716,1525.5,413.8,102.58857142857164,10.291304347826086,-2.6482499726575495,-0.14091035505701316,1,0.0
2016-09-01,M1_reserves,1884.5,1760.0,477.6,124.5,10.239090909090908,-1.428778696982989,-0.17274497654244503,1,0.0
2016-10-01,M1_reserves,1867.9,1761.4,476.7,106.5,10.322380952380954,-2.08430130116561,-0.15444045882770224,1,0.0
2016-11-01,M1_reserves,1852.2,1746.7,475.2,105.5,9.995238095238095,-1.8459892176697936,-0.46847805434162976,1,0.0
2016-12-01,M1_reserves,1978.8,1765.6,481.9,213.20000000000005,10.18047619047619,2.5526218321210377,-0.5421580358575836,1,1.5315730992726226
2017-01-01,M1_reserves,1858.2,1743.3,478.2,114.90000000000009,10.122941176470588,-1.4772292578897879,-0.7038620475196692,1,0.0
2017-02-01,M1_reserves,1989.4,1874.4,514.6,115.0,10.160555555555556,-1.2997195434269297,-0.782486685295311,1,0.0
2017-03-01,M1_reserves,1971.0,1865.1,507.5,105.90000000000009,9.890454545454546,-1.4838829129878013,-1.2295264025220314,1,0.0
2017-04-01,M1_reserves,1981.0,1848.1,504.9,132.9000000000001,9.5495,-0.24228267296941408,-1.793834634950204,1,0.0
2017-05-01,M1_reserves,1931.4,1841.6,501.0,89.80000000000018,9.119,-2.006091515165906,-2.506348069069285,1,0.0
2017-06-01,M1_reserves,1945.9,1861.4,506.5,84.5,9.107619047619048,-2.2585330530760985,-2.5251844952353655,1,0.0
2017-07-01,M1_reserves,1967.1,1871.4,504.3,95.69999999999982,8.934761904761904,-1.7764942729316957,-2.811277495163718,1,0.0
2017-08-01,M1_reserves,1983.0,1901.7,508.9,81.29999999999995,8.495652173913044,-2.465607940355896,-3.538040752497578,1,0.0
2017-09-01,M1_reserves,1979.9,1895.1,505.9,84.80000000000018,8.335714285714285,-2.286251000954311,-3.8027513075875916,1,0.0
2017-10-01,M1_reserves,1974.1,1874.3,497.0,99.79999999999995,8.034545454545453,-1.439695929269539,-4.301210861933083,1,0.0
2017-11-01,M1_reserves,1967.7,1885.0,497.5,82.70000000000005,7.987142857142857,-2.143701721831462,-3.8323537248632498,1,0.0
2017-12-01,M1_reserves,2172.9,1901.3,506.2,271.60000000000014,7.782500000000001,6.986233979199983,-3.566690405941597,1,4.19174038751999
2018-01-01,M1_reserves,2011.1,1907.2,506.2,103.89999999999986,7.079411764705882,-1.1149192828846493,-3.921877416972847,1,0.0
2018-02-01,M1_reserves,2001.1,1908.5,506.4,92.59999999999991,7.162105263157895,-1.6760127289928726,-3.6884544633197502,1,0.0
2018-03-01,M1_reserves,2024.6,1929.5,507.3,95.09999999999991,7.154999999999999,-1.5204979275741697,-3.55629163720272,1,0.0
2018-04-01,M1_reserves,2041.2,1936.3,508.5,104.90000000000009,7.007142857142857,-0.8002925552390471,-3.4811721387650385,1,0.0
2018-05-01,M1_reserves,2071.3,1992.4,521.9,78.90000000000009,6.949,-1.8201817657241413,-3.3583454303400475,1,0.0
2018-06-01,M1_reserves,2104.9,2016.1,527.7,88.80000000000018,6.9975,-1.1777988451262162,-3.1823591495298755,1,0.0
2018-07-01,M1_reserves,2105.8,2023.8,531.3,82.00000000000023,7.083181818181817,-1.2246517654680664,-2.968102709603649,1,0.0
2018-08-01,M1_reserves,2100.3,2025.2,527.1,75.10000000000014,7.0343478260869565,-1.4623005877413995,-2.599489443136009,1,0.0
2018-09-01,M1_reserves,2236.1,2167.8,563.6,68.29999999999973,7.1275,-1.7695167286245348,-2.0208881085699986,1,0.0
2018-10-01,M1_reserves,2278.5,2210.1,570.1,68.40000000000009,7.260869565217392,-1.741128759716103,-1.5216141579743068,1,0.0
2018-11-01,M1_reserves,2273.9,2200.5,569.2,73.40000000000009,7.23904761904762,-1.4832535885167426,-1.3523858609285742,1,0.0
2018-12-01,M1_reserves,2394.6,2202.2,575.3,192.4000000000001,7.477500000000001,4.210526315789484,-1.0892977150537626,1,2.5263157894736903
2019-01-01,M1_reserves,2331.4,2258.0,586.3,73.40000000000009,7.61529411764706,-1.4283467797073746,-0.7332647001067403,1,0.0
2019-02-01,M1_reserves,2337.5,2272.8,588.4,64.69999999999982,7.519499999999999,-1.9366234553862678,-0.671606967849965,1,0.0
2019-03-01,M1_reserves,2346.3,2278.9,587.2,67.40000000000009,7.590999999999999,-1.8065476190475995,-0.5382424948137181,1,0.0
2019-04-01,M1_reserves,2377.0,2293.5,588.9,83.5,7.673636363636363,-0.7878931189406582,-0.35348049276130783,1,0.0
2019-05-01,M1_reserves,2389.1,2324.4,593.9,64.69999999999982,7.6483333333333325,-2.1123188405797237,-0.28563377629798153,1,0.0
2019-06-01,M1_reserves,2393.7,2333.9,595.9,59.79999999999973,7.525789473684211,-2.0933333333333546,-0.30137396925527743,1,0.0
2019-07-01,M1_reserves,2403.8,2334.8,596.7,69.0,7.240869565217391,-1.2767295597484318,-0.695434148613156,1,0.0
2019-08-01,M1_reserves,2424.3,2362.6,603.8,61.70000000000027,7.084090909090909,-1.3983286908077908,-0.9949245564046098,1,0.0
2019-09-01,M1_reserves,2490.2,2429.5,620.1,60.69999999999982,6.827619047619048,-1.4693251533742335,-1.4861121277154297,1,0.0
2019-10-01,M1_reserves,2488.6,2430.2,618.9,58.40000000000009,6.767391304347826,-1.6253968253968079,-1.6563198239340506,1,0.0
2019-11-01,M1_reserves,2499.1,2436.2,619.4,62.90000000000009,6.4465,-1.324590163934412,-2.258921807452138,1,0.0
2019-12-01,M1_reserves,2526.4,2427.8,617.4,98.59999999999991,6.1571428571428575,1.0231023102310095,-2.8156258148631035,1,0.6138613861386056
2020-01-01,M1_reserves,2479.3,2418.4,617.6,60.90000000000009,6.038823529411765,-1.4793103448275662,-3.6263127362178156,1,0.0
2020-02-01,M1_reserves,2474.1,2398.3,612.7,75.79999999999973,5.923684210526315,-0.42545454545457895,-3.4839367369239618,1,0.0
2020-03-01,M1_reserves,2536.4,2430.8,622.0,105.59999999999991,5.753684210526315,1.7418181818181975,-3.792917981884643,1,1.0450909090909184
2020-04-01,M1_reserves,2684.8,2604.9,664.8,79.90000000000009,5.917894736842105,-0.05490196078430789,-3.1862278263694286,1,0.0
2020-05-01,M1_reserves,2699.5,2634.6,671.3,64.90000000000009,5.378823529411765,-1.0469314079422452,-4.32178317582698,1,0.0
2020-06-01,M1_reserves,2635.7,2569.5,656.3,66.19999999999982,4.9245,-0.8884462151394527,-5.3141027662997145,1,0.0
2020-07-01,M1_reserves,2589.6,2528.5,646.7,61.09999999999991,4.175909090909091,-1.3348837209302205,-6.473466658561789,1,0.0
2020-08-01,M1_reserves,2631.7,2577.9,659.2,53.79999999999973,4.112380952380953,-1.8675799086758267,-6.258458152496414,1,0.0
2020-09-01,M1_reserves,2699.0,2633.9,673.2,65.09999999999991,4.166363636363636,-0.8058252427184678,-6.109716428661169,1,0.0
2020-10-01,M1_reserves,2753.1,2688.3,686.2,64.79999999999973,4.195,-0.6530612244898314,-5.706469656011958,1,0.0
2020-11-01,M1_reserves,2806.4,2736.7,699.0,69.70000000000027,4.0705,0.04191616766468631,-5.487303376149436,1,0.025149700598811785
2020-12-01,M1_reserves,2902.0,2790.7,713.6,111.30000000000018,4.129545454545454,5.023952095808307,-5.323457782312294,1,3.0143712574849837
2021-01-01,M1_reserves,2878.5,2818.1,720.7,60.40000000000009,4.284666666666666,-1.0779220779220657,-4.5947321475418486,1,0.0
2021-02-01,M1_reserves,2895.3,2825.0,722.0,70.30000000000018,3.999473684210526,0.21768707482995323,-4.041248113170771,1,0.13061224489797194
2021-03-01,M1_reserves,2964.7,2906.3,740.9,58.399999999999636,4.2,-1.3537414965986934,-3.346919922061504,1,0.0
2021-04-01,M1_reserves,3010.7,2934.1,748.8,76.59999999999991,4.479090909090909,1.1224489795918506,-2.386679789371717,1,0.6734693877551103
2021-05-01,M1_reserves,3081.6,3005.8,771.8,75.79999999999973,4.7573684210526315,1.0136054421768586,-1.2906164147947108,1,0.6081632653061151
2021-06-01,M1_reserves,3134.3,3032.0,772.4,102.30000000000018,5.092857142857143,4.619047619047714,-0.7995917933289238,1,2.771428571428628
2021-07-01,M1_reserves,3169.3,3038.5,773.5,130.80000000000018,5.765909090909091,8.496598639455925,-0.16961414376483824,1,5.097959183673555
2021-08-01,M1_reserves,3193.5,3058.6,777.9,134.9000000000001,6.306818181818182,8.93288590604051,0.2564274473508756,1,5.462302522564657
2021-09-01,M1_reserves,3242.9,3104.1,788.5,138.80000000000018,6.556363636363637,9.103896103896068,0.4529794082941758,1,5.643529425655311
2021-10-01,M1_reserves,3264.6,3131.5,794.4,133.0999999999999,6.808571428571428,7.634730538922004,0.6572769165276445,1,4.84374908996426
2021-11-01,M1_reserves,3292.1,3148.9,799.9,143.19999999999982,7.3075,8.637426900584574,1.0257672061713552,1,5.592763022819286
2021-12-01,M1_reserves,3352.8,3207.4,815.3,145.4000000000001,7.577619047619048,8.894736842105068,1.2346871453408588,1,5.830716963399384
2022-01-01,M1_reserves,3323.2,3244.6,825.4,78.59999999999991,8.2625,1.051136363636316,1.7643990933541476,1,1.3364414555234485
2022-02-01,M1_reserves,3307.2,3304.6,843.3,2.599999999999909,9.514736842105263,-7.3351648351649335,2.732924812604443,1,1.0931699250417772
2022-03-01,M1_reserves,1464.9,1283.1,150.0,181.80000000000018,20.032727272727275,11.466666666666661,10.867922845212709,1,11.227169138085081
2022-04-01,M1_reserves,1541.8,1420.9,162.1,120.89999999999986,17.126666666666665,5.220512820512783,8.62026941094871,1,6.580415456687154
2022-05-01,M1_reserves,1464.9,1325.5,145.9,139.4000000000001,13.297777777777778,5.123552123552116,5.658866870830149,1,5.337678022463329
2022-06-01,M1_reserves,1774.4,1631.2,145.9,143.20000000000005,9.632857142857143,4.109756097561086,2.8242833682682753,1,3.5955670058439617
2022-07-01,M1_reserves,1719.6,1568.7,146.0,150.89999999999986,8.903809523809523,4.19662921348316,2.0665720975328443,1,3.344606367103034
2022-08-01,M1_reserves,1694.4,1562.1,146.0,132.30000000000018,7.94695652173913,2.7213930348258657,1.2687976767600615,1,2.140354891599544
2022-09-01,M1_reserves,2451.6,2320.5,145.9,131.0999999999999,7.691363636363636,2.362186788154864,1.038648342615876,1,1.8327714099392687
2022-10-01,M1_reserves,2430.3,2323.3,145.9,107.0,7.717142857142857,0.6283185840707964,1.0191038431740684,1,0.7846326877121053
2022-11-01,M1_reserves,2406.7,2305.2,145.9,101.5,7.333333333333333,0.04334828101644375,0.7937773599420336,1,0.3435199125866797
2022-12-01,M1_reserves,2460.6,2322.1,145.9,138.5,7.319047619047619,1.0655021834061067,0.7853905181343896,1,0.9534575172974198
2023-01-01,M1_reserves,2513.2,2431.6,145.9,81.59999999999991,7.0,-0.6226993865030748,0.5464698022278653,1,0.21858792089114615
2023-02-01,M1_reserves,2495.8,2402.1,265.4,93.70000000000027,7.135000000000001,-0.25153374233128345,0.4410657857406077,1,0.1764263142962431
2023-03-01,M1_reserves,2539.5,2453.2,265.4,86.30000000000018,7.33909090909091,-0.3424242424242387,0.3922975906208605,1,0.15691903624834422
2023-04-01,M1_reserves,3634.2,3547.9,265.3,86.29999999999973,7.149500000000001,-0.34242424242425246,0.12935923281270664,1,0.05174369312508266
2023-05-01,M1_reserves,3693.1,3611.6,271.3,81.5,7.211499999999999,-0.48787878787878863,0.07557166062726395,1,0.03022866425090558
2023-06-01,M1_reserves,3689.9,3621.4,271.3,68.5,7.292857142857143,-0.8818181818181798,0.09599230190865711,1,0.03839692076346285
2023-07-01,M1_reserves,4328.4,4255.8,271.3,72.59999999999945,7.83047619047619,-0.7656967840735203,0.5206909855430563,1,0.20827639421722252
2023-08-01,M1_reserves,4467.4,4385.3,271.7,82.09999999999945,10.339565217391305,-0.5032467532467724,2.4732819740074707,1,0.9893127896029883
2023-09-01,M1_reserves,4577.9,4503.9,271.7,74.0,12.22857142857143,-0.8280701754386013,3.8996159330002205,1,1.5598463732000882
2023-10-01,M1_reserves,4641.0,4562.5,271.7,78.5,13.032727272727271,-0.6920289855072536,4.4791353248041075,1,1.791654129921643
2023-11-01,M1_reserves,4667.076071714286,4595.6,271.7,71.47607171428535,14.797619047619047,-0.9779860494721492,5.792582648095318,1,2.317033059238127
2023-12-01,M1_reserves,4656.088571428571,4564.6,271.7,91.48857142857105,15.132499999999999,-0.04767184035478154,6.004092314616482,1,2.401636925846593
2024-01-01,M1_reserves,4723.0,4647.3,273.2,75.69999999999982,15.694705882352942,-0.7783143484237756,6.342994503541494,1,2.537197801416598
2024-02-01,M1_reserves,4799.78,4712.3,273.1,87.47999999999956,15.8285,-0.2487946853063227,6.310385811086757,1,2.524154324434703
2024-03-01,M1_reserves,4658.6,4571.8,504.2,86.80000000000018,15.594,-0.3003109729009173,6.076067043948627,1,2.430426817579451
2024-04-01,M1_reserves,4670.0,4581.9,504.2,88.10000000000036,15.701428571428572,-0.2329335110321096,5.906354568984286,1,2.3625418275937142
2024-05-01,M1_reserves,4751.6,4677.0,504.2,74.60000000000036,15.9475,-0.9326225381311687,5.5306038751787,1,2.21224155007148
2024-06-01,M1_reserves,4954.5,4742.1,504.1,212.39999999999964,15.651052631578947,5.828189242605539,5.136808243430996,1,5.5516368429357215
2024-07-01,M1_reserves,5134.3,4769.3,504.0,365.0,16.113478260869567,13.25172228294617,4.509762803702395,1,9.754938491248659
2024-08-01,M1_reserves,4989.1,4746.3,504.0,242.80000000000018,17.74318181818182,7.30705821001287,3.984506250769598,1,5.978037426315561
2024-09-01,M1_reserves,4923.8,4806.6,504.0,117.19999999999982,18.39047619047619,1.1969943183563572,3.5178110273621583,1,2.1253210019586777
2024-10-01,M1_reserves,5051.7,4925.4,504.0,126.30000000000018,18.902173913043477,1.63968206846843,3.1350507859357655,1,2.237829555455364
2024-11-01,M1_reserves,5135.4,5019.5,504.0,115.89999999999964,20.625714285714285,1.1337532111974833,2.348258848878178,1,1.619555466269761
2024-12-01,M1_reserves,5291.5,5136.3,499.3,155.19999999999982,21.125999999999998,3.045580527615488,1.8508973628203182,1,2.56770726169742
2025-01-01,M1_reserves,5232.9,5150.2,499.7,82.69999999999982,20.815882352941177,-0.4813273716289062,1.561954650117496,1,0.6247818600469984
2025-02-01,M1_reserves,5239.2,5181.7,499.7,57.5,20.826,-1.7072319104007418,1.3558820869942152,1,0.5423528347976861
2025-03-01,M1_reserves,5110.0,5064.8,560.8,45.19999999999982,21.36952380952381,-2.5106618477337,1.4646046316754362,1,0.5858418526701745
2025-04-01,M1_reserves,5052.1,4995.7,560.8,56.400000000000546,21.106363636363636,-1.7672595073119985,1.2554730096278948,1,0.502189203851158
2025-05-01,M1_reserves,5009.7,4963.4,560.8,46.30000000000018,20.797222222222224,-2.3810684105824227,0.9984027943306992,1,0.3993611177322797
2025-06-01,M1_reserves,5027.02,4960.1,554.8,66.92000000000007,20.082105263157896,-1.1852458941873583,0.866910381575436,1,0.3467641526301744
2025-07-01,M1_reserves,4996.1,4950.9,554.8,45.20000000000073,19.28391304347826,-2.490909090909044,0.7062824815329714,1,0.2825129926131886
2025-08-01,M1_reserves,5058.6,5003.6,554.8,55.0,17.73333333333333,-1.787878787878774,0.4089347389900715,1,0.1635738955960286
2025-09-01,M1_reserves,5147.3,5080.5,554.8,66.80000000000018,17.198636363636364,-1.0619469026548591,0.3222980849162826,1,0.12891923396651303
2025-10-01,M1_reserves,5250.5,5185.4,554.6,65.10000000000036,16.49478260869565,-1.184582743988666,0.18585730662222202,1,0.07434292264888881
2025-11-01,M1_reserves,5265.5,5203.3,554.1,62.19999999999982,16.323684210526313,-1.3981213872832552,0.1235047810033126,1,0.04940191240132504
2025-12-01,M1_reserves,5428.5,5307.6,554.1,120.89999999999964,16.04,2.843208092485543,0.014797192627485873,1,1.7118437325423201
2026-01-01,M1_reserves,5414.2,5314.3,554.6,99.89999999999964,15.692666666666668,1.2115127175368403,-0.10259343061924851,1,0.7269076305221042
2026-02-01,M1_reserves,5451.2,5342.2,554.6,109.0,15.325263157894737,1.7160883280757862,-0.25201429895895244,1,1.0296529968454717
2026-03-01,M1_reserves,5407.2,5301.4,587.5,105.80000000000018,14.974761904761904,1.3793103448276411,-0.49153365265397153,1,0.8275862068965847
2026-04-01,M1_reserves,5445.4,5315.5,587.5,129.89999999999964,14.638636363636364,2.551724137931042,-0.7767886222994231,1,1.531034482758625
