date,M1_signal,M2_signal,M3_signal,M5_signal,Seasonal_Factor,Tax_Week_Flag,M1_contribution,M2_contribution,M3_contribution,M5_contribution,LSI_raw,LSI_adjusted,LSI,LSI_status,M1_share,M2_share,M3_share,M5_share
2022-01-01,1.3364414555234485,0.0,0.0,0.0,1.0741935483870966,0.3548387096774194,0.3341103638808621,0.0,0.0,0.0,0.3341103638808621,0.3588991973300873,58.877393467942284,ЖЁЛТЫЙ,1.0,0.0,0.0,0.0
2022-02-01,1.0931699250417772,0.1,0.0,0.0,1.0892857142857142,0.42857142857142855,0.2732924812604443,0.03,0.0,0.0,0.3032924812604443,0.33037216708726963,58.184992807079034,ЖЁЛТЫЙ,0.9010855795853433,0.09891442041465678,0.0,0.0
2022-03-01,11.22716913808508,0.1,0.0,0.0,1.1225806451612903,0.5806451612903226,2.80679228452127,0.03,0.0,0.0,2.8367922845212696,3.1845281129464573,96.0247873376901,КРАСНЫЙ,0.9894246751291265,0.010575324870873558,0.0,0.0
2022-04-01,6.580415456687154,0.1,0.0,0.0,1.0966666666666667,0.4666666666666667,1.6451038641717886,0.03,0.0,0.0,1.6751038641717886,1.837030571041728,86.25971396564006,КРАСНЫЙ,0.9820906627692411,0.01790933723075895,0.0,0.0
2022-05-01,5.337678022463329,0.0,0.0,0.0,1.1064516129032258,0.5161290322580645,1.3344195056158323,0.0,0.0,0.0,1.3344195056158323,1.476470614278163,81.4038895878715,КРАСНЫЙ,1.0,0.0,0.0,0.0
2022-06-01,3.5955670058439617,0.1,0.0,0.0,1.1,0.4666666666666667,0.8988917514609904,0.03,0.0,0.0,0.9288917514609905,1.0217809266070896,73.53193571813078,КРАСНЫЙ,0.9677034488111074,0.03229655118889262,0.0,0.0
2022-07-01,3.344606367103034,0.0,0.0,0.0,1.1064516129032258,0.5161290322580645,0.8361515917757585,0.0,0.0,0.0,0.8361515917757585,0.9251612773518876,71.60925832883933,КРАСНЫЙ,1.0,0.0,0.0,0.0
2022-08-01,2.140354891599544,0.0,0.0,0.0,1.1,0.4838709677419355,0.535088722899886,0.0,0.0,0.0,0.535088722899886,0.5885975951898746,64.30433042548971,ЖЁЛТЫЙ,1.0,0.0,0.0,0.0
2022-09-01,1.832771409939269,0.0,0.0,0.0,1.1,0.4666666666666667,0.4581928524848172,0.0,0.0,0.0,0.4581928524848172,0.504012137733299,62.340173417395114,ЖЁЛТЫЙ,1.0,0.0,0.0,0.0
2022-10-01,0.7846326877121053,0.0,0.0,0.0,1.1064516129032258,0.5161290322580645,0.19615817192802631,0.0,0.0,0.0,0.19615817192802631,0.217039525713913,55.404788215093326,ЖЁЛТЫЙ,1.0,0.0,0.0,0.0
2022-11-01,0.3435199125866797,0.0,0.0,0.0,1.0966666666666667,0.4666666666666667,0.08587997814666992,0.0,0.0,0.0,0.08587997814666992,0.09418170936751469,52.35280383896155,ЖЁЛТЫЙ,1.0,0.0,0.0,0.0
2022-12-01,0.9534575172974198,0.0,0.0,0.0,1.1096774193548387,0.5161290322580645,0.23836437932435495,0.0,0.0,0.0,0.23836437932435495,0.26450756931476804,56.5744027565023,ЖЁЛТЫЙ,1.0,0.0,0.0,0.0
2023-01-01,0.2185879208911461,0.0,0.0,0.0,1.1,0.4838709677419355,0.05464698022278652,0.0,0.0,0.0,0.05464698022278652,0.06011167824506518,51.50233960213972,ЖЁЛТЫЙ,1.0,0.0,0.0,0.0
2023-02-01,0.1764263142962431,0.0,0.0,0.0,1.0892857142857142,0.42857142857142855,0.04410657857406077,0.0,0.0,0.0,0.04410657857406077,0.048044665946744766,51.20088565819943,ЖЁЛТЫЙ,1.0,0.0,0.0,0.0
2023-03-01,0.1569190362483442,0.0,0.0,0.0,1.1225806451612903,0.5806451612903226,0.03922975906208605,0.0,0.0,0.0,0.03922975906208605,0.04403856823743853,51.10078630668606,ЖЁЛТЫЙ,1.0,0.0,0.0,0.0
2023-04-01,0.0517436931250826,0.0,0.0,0.0,1.0966666666666667,0.4666666666666667,0.01293592328127065,0.0,0.0,0.0,0.01293592328127065,0.014186395865126811,50.35465394869273,ЖЁЛТЫЙ,1.0,0.0,0.0,0.0
2023-05-01,0.0302286642509055,0.1,0.0,0.0,1.1064516129032258,0.5161290322580645,0.007557166062726375,0.03,0.0,0.0,0.037557166062726376,0.041555186966177896,51.03873020227486,ЖЁЛТЫЙ,0.2012176863958457,0.7987823136041543,0.0,0.0
2023-06-01,0.0383969207634628,0.0,0.0,0.0,1.1,0.4666666666666667,0.0095992301908657,0.0,0.0,0.0,0.0095992301908657,0.01055915320995227,50.26397637756709,ЖЁЛТЫЙ,1.0,0.0,0.0,0.0
2023-07-01,0.2082763942172225,0.0,0.0,0.0,1.1064516129032258,0.5161290322580645,0.05206909855430562,0.0,0.0,0.0,0.05206909855430562,0.05761193807782848,51.439900205329344,ЖЁЛТЫЙ,1.0,0.0,0.0,0.0
2023-08-01,0.9893127896029884,0.1,0.0,0.0,1.1,0.4838709677419355,0.2473281974007471,0.03,0.0,0.0,0.2773281974007471,0.30506101714082184,57.567925593006905,ЖЁЛТЫЙ,0.8918249197839441,0.10817508021605589,0.0,0.0
2023-09-01,1.5598463732000882,0.1,0.0,0.0,1.1,0.4666666666666667,0.38996159330002206,0.03,0.0,0.0,0.41996159330002203,0.46195775263002425,61.34785065976671,ЖЁЛТЫЙ,0.9285648962223841,0.0714351037776159,0.0,0.0
2023-10-01,1.791654129921643,0.0,0.0,0.0,1.1064516129032258,0.5161290322580645,0.44791353248041077,0.0,0.0,0.0,0.44791353248041077,0.4955946504541319,62.142350057430704,ЖЁЛТЫЙ,1.0,0.0,0.0,0.0
2023-11-01,2.317033059238127,0.0,0.0,0.0,1.0966666666666667,0.4666666666666667,0.5792582648095318,0.0,0.0,0.0,0.5792582648095318,0.6352532304077866,65.36796600787517,ЖЁЛТЫЙ,1.0,0.0,0.0,0.0
2023-12-01,2.401636925846593,0.0,0.0,0.0,1.1096774193548387,0.5161290322580645,0.6004092314616483,0.0,0.0,0.0,0.6004092314616483,0.6662605665251838,66.06653324761761,ЖЁЛТЫЙ,1.0,0.0,0.0,0.0
2024-01-01,2.537197801416598,0.0,0.0,0.0,1.1,0.4838709677419355,0.6342994503541495,0.0,0.0,0.0,0.6342994503541495,0.6977293953895645,66.76841577879917,ЖЁЛТЫЙ,1.0,0.0,0.0,0.0
2024-02-01,2.524154324434703,0.0,0.0,0.0,1.0931034482758621,0.4482758620689655,0.6310385811086757,0.0,0.0,0.0,0.6310385811086757,0.6897904490050007,66.59203094684709,ЖЁЛТЫЙ,1.0,0.0,0.0,0.0
2024-03-01,2.430426817579451,0.0,0.0,0.0,1.1161290322580646,0.5483870967741935,0.6076067043948628,0.0,0.0,0.0,0.6076067043948628,0.67816748296975,66.33295759459402,ЖЁЛТЫЙ,1.0,0.0,0.0,0.0
2024-04-01,2.3625418275937142,0.0,0.0,0.0,1.0966666666666667,0.4666666666666667,0.5906354568984286,0.0,0.0,0.0,0.5906354568984286,0.6477302177319433,65.64987902968231,ЖЁЛТЫЙ,1.0,0.0,0.0,0.0
2024-05-01,2.21224155007148,0.0,0.0,2.713394694533762,1.1064516129032258,0.5161290322580645,0.55306038751787,0.0,0.0,0.6783486736334405,1.2314090611513104,1.3624945418545145,79.61648270188894,КРАСНЫЙ,0.4491280801529787,0.0,0.0,0.5508719198470213
2024-06-01,5.5516368429357215,0.0,0.0,0.0,1.1,0.4666666666666667,1.3879092107339304,0.0,0.0,0.0,1.3879092107339304,1.5267001318073234,82.15229909875997,КРАСНЫЙ,1.0,0.0,0.0,0.0
2024-07-01,9.75493849124866,0.0,0.0,3.104915939561609,1.1064516129032258,0.5161290322580645,2.438734622812165,0.0,0.0,0.7762289848904023,3.2149636077025674,3.5572016691676795,97.2272237278322,КРАСНЫЙ,0.7585574583081828,0.0,0.0,0.24144254169181723
2024-08-01,5.978037426315561,0.0,0.0,0.0,1.1,0.4838709677419355,1.4945093565788903,0.0,0.0,0.0,1.4945093565788903,1.6439602922367795,83.80730949629914,КРАСНЫЙ,1.0,0.0,0.0,0.0
2024-09-01,2.1253210019586777,0.0,0.0,3.7945031791907513,1.1,0.4666666666666667,0.5313302504896694,0.0,0.0,0.9486257947976878,1.4799560452873572,1.627951649816093,83.58888420817779,КРАСНЫЙ,0.3590175885166259,0.0,0.0,0.6409824114833741
2024-10-01,2.237829555455364,0.0,0.0,0.0,1.1064516129032258,0.5161290322580645,0.559457388863841,0.0,0.0,0.0,0.559457388863841,0.619012530259024,64.99939306972249,ЖЁЛТЫЙ,1.0,0.0,0.0,0.0
2024-11-01,1.619555466269761,0.0,0.0,0.5667455678677821,1.0966666666666667,0.4666666666666667,0.4048888665674403,0.0,0.0,0.14168639196694552,0.5465752585343858,0.5994108668593765,64.552151028462,ЖЁЛТЫЙ,0.7407742305298075,0.0,0.0,0.25922576947019244
2024-12-01,2.56770726169742,0.0,0.0,1.5668397321596914,1.1096774193548387,0.5161290322580645,0.641926815424355,0.0,0.0,0.39170993303992285,1.0336367484642779,1.1470033595861664,75.89631427666384,КРАСНЫЙ,0.6210371451848007,0.0,0.0,0.3789628548151993
2025-01-01,0.6247818600469984,0.0,0.0,0.0,1.1,0.4838709677419355,0.1561954650117496,0.0,0.0,0.0,0.1561954650117496,0.17181501151292458,54.284839622697234,ЖЁЛТЫЙ,1.0,0.0,0.0,0.0
2025-02-01,0.5423528347976861,0.0,0.0,0.0,1.0892857142857142,0.42857142857142855,0.13558820869942154,0.0,0.0,0.0,0.13558820869942154,0.14769429876186987,53.685660108806566,ЖЁЛТЫЙ,1.0,0.0,0.0,0.0
2025-03-01,0.5858418526701745,0.0,0.0,2.2251323676281896,1.1225806451612903,0.5806451612903226,0.14646046316754363,0.0,0.0,0.5562830919070474,0.7027435550745911,0.7888863134385732,68.75921504741014,ЖЁЛТЫЙ,0.20841238900013523,0.0,0.0,0.7915876109998647
2025-04-01,0.502189203851158,0.0,0.0,0.0,1.0966666666666667,0.4666666666666667,0.1255473009627895,0.0,0.0,0.0,0.1255473009627895,0.13768354005585914,53.43666121986435,ЖЁЛТЫЙ,1.0,0.0,0.0,0.0
2025-05-01,0.3993611177322797,0.0,0.0,0.901618512207578,1.1064516129032258,0.5161290322580645,0.09984027943306993,0.0,0.0,0.2254046280518945,0.32524490748496443,0.35986775247529934,58.90084202852419,ЖЁЛТЫЙ,0.30696953936991433,0.0,0.0,0.6930304606300857
2025-06-01,0.3467641526301744,0.0,0.0,0.0,1.1,0.4666666666666667,0.0866910381575436,0.0,0.0,0.0,0.0866910381575436,0.09536014197329797,52.38219860137147,ЖЁЛТЫЙ,1.0,0.0,0.0,0.0
2025-07-01,0.2825129926131886,0.0,0.0,1.0877822607358048,1.1064516129032258,0.5161290322580645,0.07062824815329714,0.0,0.0,0.2719455651839512,0.34257381333724835,0.37904134830540703,59.36418670105047,ЖЁЛТЫЙ,0.20616943094762133,0.0,0.0,0.7938305690523786
2025-08-01,0.1635738955960286,0.0,0.0,0.0,1.1,0.4838709677419355,0.04089347389900715,0.0,0.0,0.0,0.04089347389900715,0.04498282128890787,51.12438094416995,ЖЁЛТЫЙ,1.0,0.0,0.0,0.0
2025-09-01,0.128919233966513,0.0,0.0,0.6270146729942158,1.1,0.4666666666666667,0.03222980849162825,0.0,0.0,0.15675366824855394,0.18898347674018218,0.20788182441420042,55.178410341447815,ЖЁЛТЫЙ,0.17054299691998132,0.0,0.0,0.8294570030800188
2025-10-01,0.0743429226488888,0.0,0.0,0.4604315450814211,1.1064516129032258,0.5161290322580645,0.0185857306622222,0.0,0.0,0.11510788627035527,0.13369361693257747,0.14792551808991636,53.69140913394653,ЖЁЛТЫЙ,0.13901733746641845,0.0,0.0,0.8609826625335816
2025-11-01,0.049401912401325,0.0,0.0,0.0,1.0966666666666667,0.4666666666666667,0.01235047810033125,0.0,0.0,0.0,0.01235047810033125,0.013544357650029938,50.338603764872126,ЖЁЛТЫЙ,1.0,0.0,0.0,0.0
2025-12-01,1.71184373254232,0.0,0.0,3.6135033903301887,1.1096774193548387,0.5161290322580645,0.42796093313558,0.0,0.0,0.9033758475825472,1.331336780718127,1.47735436311947,81.4172640272969,КРАСНЫЙ,0.3214520467952042,0.0,0.0,0.6785479532047958
2026-01-01,0.7269076305221042,0.0,0.0,0.0,1.1,0.4838709677419355,0.18172690763052604,0.0,0.0,0.0,0.18172690763052604,0.19989959839357865,54.980914612664186,ЖЁЛТЫЙ,1.0,0.0,0.0,0.0
2026-02-01,1.0296529968454715,0.0,0.0,0.1538963989824358,1.0892857142857142,0.42857142857142855,0.2574132492113679,0.0,0.0,0.03847409974560895,0.2958873489569768,0.3223058622567069,57.988610543259895,ЖЁЛТЫЙ,0.8699704469243691,0.0,0.0,0.13002955307563094
2026-03-01,0.8275862068965847,0.0,0.0,0.7867291412099373,1.1225806451612903,0.5806451612903226,0.20689655172414617,0.0,0.0,0.19668228530248433,0.4035788370266305,0.4530497912427981,61.136410399079786,ЖЁЛТЫЙ,0.5126546110506135,0.0,0.0,0.48734538894938656
2026-04-01,1.531034482758625,0.0,0.0,0.8985747031206849,1.0966666666666667,0.4666666666666667,0.38275862068965627,0.0,0.0,0.22464367578017122,0.6074022964698275,0.6661178517952441,66.06333370052513,ЖЁЛТЫЙ,0.630156690078747,0.0,0.0,0.369843309921253
2026-05-01,0.0,0.0,0.0,0.0,1.1064516129032258,0.5161290322580645,0.0,0.0,0.0,0.0,0.0,0.0,50.0,ЖЁЛТЫЙ,0.0,0.0,0.0,0.0
2026-06-01,0.0,0.0,0.0,0.0,1.1,0.4666666666666667,0.0,0.0,0.0,0.0,0.0,0.0,50.0,ЖЁЛТЫЙ,0.0,0.0,0.0,0.0
2026-07-01,0.0,0.0,0.0,0.0,1.1064516129032258,0.5161290322580645,0.0,0.0,0.0,0.0,0.0,0.0,50.0,ЖЁЛТЫЙ,0.0,0.0,0.0,0.0
2026-08-01,0.0,0.0,0.0,0.0,1.1,0.4838709677419355,0.0,0.0,0.0,0.0,0.0,0.0,50.0,ЖЁЛТЫЙ,0.0,0.0,0.0,0.0
2026-09-01,0.0,0.0,0.0,0.0,1.1,0.4666666666666667,0.0,0.0,0.0,0.0,0.0,0.0,50.0,ЖЁЛТЫЙ,0.0,0.0,0.0,0.0
2026-10-01,0.0,0.0,0.0,0.0,1.1064516129032258,0.5161290322580645,0.0,0.0,0.0,0.0,0.0,0.0,50.0,ЖЁЛТЫЙ,0.0,0.0,0.0,0.0
2026-11-01,0.0,0.0,0.0,0.0,1.0966666666666667,0.4666666666666667,0.0,0.0,0.0,0.0,0.0,0.0,50.0,ЖЁЛТЫЙ,0.0,0.0,0.0,0.0
2026-12-01,0.0,0.0,0.0,0.0,1.1096774193548387,0.5161290322580645,0.0,0.0,0.0,0.0,0.0,0.0,50.0,ЖЁЛТЫЙ,0.0,0.0,0.0,0.0
